date,Reykjavík,Kópavogur,Garðabær,Hafnarfjörður,Mosfellsbær,"Eigendur, skuldlaust",Eigendur m. lán,"Leigjendur, alls",overdtryggt,verdtryggt,visitala_rvk_%,verdbolga_%
2006-01-01,0.4265360796047596,0.42263880506940255,0.46622193985599325,0.3855453818117166,0.3512909979064899,18.0,64.8,17.2,12.5,4.15,0.5,-0.2591792656587488
2006-02-01,0.4266889537858305,0.42237500516163595,0.4683740183296933,0.3871344785395383,0.3522633331439258,17.675,65.14999999999999,17.175,12.5,4.15,2.0,-0.2591792656587488
2006-03-01,0.42684182796690134,0.42211120525386936,0.4705260968033933,0.38872357526736,0.3532356683813618,17.35,65.5,17.15,12.5,4.15,1.7,1.1693373754872116
2006-04-01,0.4269947021479722,0.42184740534610277,0.4726781752770933,0.3903126719951817,0.3542080036187977,17.025,65.85,17.125,12.5,4.3,1.2,1.0702054794520466
2006-05-01,0.4271475763290431,0.4215836054383362,0.4748302537507933,0.3919017687230034,0.3551803388562336,16.7,66.2,17.099999999999998,13.0,4.6,-0.2,1.4824227022448122
2006-06-01,0.427300450510114,0.4213198055305696,0.4769823322244933,0.3934908654508251,0.3561526740936696,16.375,66.55,17.075,14.0,4.6,0.6,1.001669449081799
2006-07-01,0.42745332469118485,0.421056005622803,0.47913441069819335,0.3950799621786468,0.35712500933110547,16.05,66.9,17.049999999999997,14.0,4.6,-1.7,0.4132231404958775
2006-08-01,0.4276061988722557,0.4207922057150364,0.4812864891718934,0.39666905890646853,0.3580973445685414,15.725,67.25,17.025,14.5,4.85,2.4,0.288065843621399
2006-09-01,0.4277590730533266,0.4205284058072698,0.4834385676455934,0.39825815563429023,0.35906967980597737,15.4,67.6,17.0,15.0,4.85,0.7,0.6155108740254489
2006-10-01,0.4279119472343975,0.4202646058995032,0.48559064611929337,0.39984725236211194,0.3600420150434133,15.075,67.95,16.974999999999998,15.5,4.85,-2.2,0.1631321370310079
2006-11-01,0.42806482141546837,0.4200008059917366,0.4877427245929934,0.40143634908993364,0.36101435028084927,14.75,68.3,16.95,15.5,4.85,0.8,-0.244299674267101
2006-12-01,0.4282176955965392,0.41973700608397,0.4898948030666934,0.40302544581775535,0.36198668551828517,14.425,68.65,16.924999999999997,15.5,4.85,-0.7,0.0
2007-01-01,0.4283705697776101,0.41947320617620343,0.49204688154039344,0.40461454254557705,0.3629590207557211,14.1,69.0,16.9,16.0,4.85,2.3,0.1224489795918382
2007-02-01,0.42813003122508975,0.4187822952062662,0.4920584693022297,0.4037393705027485,0.36374881264586933,14.041666666666666,68.89166666666667,17.066666666666666,16.0,4.95,0.3,0.0
2007-03-01,0.42788949267256937,0.418091384236329,0.4920700570640659,0.40286419845991994,0.3645386045360176,13.983333333333333,68.78333333333333,17.23333333333333,16.0,4.95,2.4,-0.8560945780676787
2007-04-01,0.427648954120049,0.4174004732663918,0.49208164482590216,0.4019890264170914,0.3653283964261658,13.925,68.675,17.4,16.0,4.95,0.7,0.2055921052631637
2007-05-01,0.42740841556752857,0.41670956229645456,0.4920932325877384,0.40111385437426283,0.3661181883163141,13.866666666666667,68.56666666666666,17.566666666666666,16.0,4.95,3.6,0.8206811653672652
2007-06-01,0.4271678770150082,0.4160186513265174,0.49210482034957465,0.4002386823314343,0.3669079802064623,13.808333333333334,68.45833333333333,17.73333333333333,16.0,4.95,0.5,0.2035002035001953
2007-07-01,0.4269273384624878,0.41532774035658016,0.4921164081114109,0.3993635102886057,0.3676977720966106,13.75,68.35,17.9,16.0,4.95,1.4,-0.1218521527213578
2007-08-01,0.42668679990996744,0.4146368293866429,0.4921279958732472,0.39848833824577723,0.3684875639867588,13.691666666666666,68.24166666666667,18.066666666666666,16.0,5.0,0.8,-0.3660024400162665
2007-09-01,0.42644626135744707,0.41394591841670575,0.4921395836350834,0.3976131662029487,0.369277355876907,13.633333333333333,68.13333333333334,18.23333333333333,16.0,5.4,0.8,1.1428571428571566
2007-10-01,0.42620572280492663,0.4132550074467685,0.49215117139691966,0.3967379941601201,0.3700671477670553,13.575,68.025,18.4,16.0,5.4,2.8,0.363196125907983
2007-11-01,0.42596518425240626,0.4125640964768313,0.4921627591587559,0.39586282211729157,0.3708569396572035,13.516666666666667,67.91666666666667,18.566666666666666,16.0,5.75,-1.5,0.4020908725371974
2007-12-01,0.4257246456998859,0.4118731855068941,0.49217434692059214,0.394987650074463,0.3716467315473518,13.458333333333334,67.80833333333334,18.73333333333333,16.5,6.3,0.1,0.680816980376453
2008-01-01,0.4254841071473655,0.4111822745369569,0.4921859346824284,0.39411247803163446,0.3724365234375,13.4,67.7,18.9,16.5,6.3,1.5,-0.1591089896579189
2008-02-01,0.42536187589302893,0.41001300617360004,0.4907211899485625,0.39309762452706404,0.371815871027197,13.558333333333334,67.39166666666667,19.058333333333334,16.5,6.3,-0.9,1.553784860557772
2008-03-01,0.42523964463869235,0.4088437378102432,0.48925644521469663,0.39208277102249356,0.37119521861689403,13.716666666666667,67.08333333333334,19.216666666666665,16.5,6.3,-0.4,1.4907806983130545
2008-04-01,0.42511741338435577,0.40767446944688635,0.48779170048083076,0.39106791751792314,0.370574566206591,13.875,66.775,19.375,16.5,6.3,-1.7,4.2133745651333765
2008-05-01,0.4249951821300192,0.4065052010835295,0.4863269557469649,0.3900530640133527,0.36995391379628806,14.033333333333333,66.46666666666667,19.53333333333333,18.5,6.3,0.5,1.4836795252225476
2008-06-01,0.4248729508756826,0.40533593272017265,0.484862211013099,0.38903821050878223,0.36933326138598505,14.191666666666666,66.15833333333333,19.691666666666666,18.5,6.3,-0.1,0.8406432748537807
2008-07-01,0.42475071962134603,0.4041666643568158,0.4833974662792331,0.3880233570042118,0.36871260897568203,14.350000000000001,65.85,19.85,18.5,6.3,0.8,0.8698803914461983
2008-08-01,0.42462848836700945,0.4029973959934589,0.4819327215453672,0.3870085034996414,0.3680919565653791,14.508333333333333,65.54166666666667,20.008333333333333,18.5,6.05,-0.3,0.8983111749910178
2008-09-01,0.42450625711267287,0.40182812763010206,0.48046797681150133,0.3859936499950709,0.36747130415507606,14.666666666666668,65.23333333333333,20.166666666666668,18.5,6.05,-0.2,1.2464387464387494
2008-10-01,0.4243840258583363,0.4006588592667452,0.47900323207763545,0.3849787964905005,0.3668506517447731,14.825000000000001,64.925,20.325,18.5,6.05,-0.2,3.0249736194160937
2008-11-01,0.4242617946039997,0.39948959090338837,0.4775384873437696,0.38396394298593006,0.3662299993344701,14.983333333333334,64.61666666666667,20.483333333333334,15.0,5.9,-0.3,1.843632639125992
2008-12-01,0.42413956334966313,0.3983203225400315,0.4760737426099037,0.3829490894813596,0.36560934692416713,15.141666666666667,64.30833333333334,20.641666666666666,21.0,5.9,-1.3,1.7096882333221377
2009-01-01,0.42401733209532655,0.3971510541766747,0.47460899787603783,0.38193423597678916,0.3649886945138641,15.3,64.0,20.8,21.0,5.9,-1.6,0.428477257745552
2009-02-01,0.42441223344307794,0.3971776418070913,0.4736282001342148,0.38194368471916257,0.3647865402582708,15.266666666666667,63.69166666666666,21.133333333333333,20.0,5.9,-0.6,1.247128322940605
2009-03-01,0.4248071347908294,0.3972042294375079,0.4726474023923918,0.381953133461536,0.3645843860026774,15.233333333333334,63.38333333333333,21.46666666666667,19.0,5.9,-3.8,0.1620745542949775
2009-04-01,0.42520203613858076,0.3972308170679245,0.47166660465056875,0.38196258220390933,0.36438223174708406,15.200000000000001,63.075,21.8,19.0,5.9,-2.6,0.8414239482200658
2009-05-01,0.42559693748633215,0.39725740469834114,0.4706858069087457,0.38197203094628274,0.3641800774914907,15.166666666666668,62.766666666666666,22.133333333333333,18.0,5.9,-0.7,1.4441591784338792
2009-06-01,0.4259918388340836,0.3972839923287578,0.46970500916692265,0.38198147968865614,0.36397792323589734,15.133333333333335,62.45833333333333,22.46666666666667,10.5,5.9,-0.4,1.8981335020563208
2009-07-01,0.426386740181835,0.3973105799591744,0.4687242114250996,0.38199092843102955,0.36377576898030395,15.100000000000001,62.15,22.8,10.5,5.8,0.3,0.5588326606643657
2009-08-01,0.42678164152958636,0.397337167589591,0.4677434136832766,0.38200037717340296,0.3635736147247106,15.066666666666666,61.84166666666667,23.133333333333333,10.5,5.8,0.8,0.6792219820932477
2009-09-01,0.4271765428773378,0.3973637552200076,0.4667626159414536,0.38200982591577637,0.3633714604691173,15.033333333333333,61.53333333333333,23.46666666666667,10.5,4.9,-0.1,0.8586323213737979
2009-10-01,0.4275714442250892,0.39739034285042424,0.4657818181996305,0.3820192746581498,0.3631693062135239,15.0,61.224999999999994,23.8,10.5,4.9,-0.1,1.094557616296754
2009-11-01,0.4279663455728406,0.3974169304808408,0.46480102045780747,0.38202872340052313,0.36296715195793056,14.966666666666667,60.916666666666664,24.133333333333333,10.5,4.9,-1.5,0.9624060150375868
2009-12-01,0.428361246920592,0.39744351811125744,0.46382022271598444,0.38203817214289654,0.36276499770233717,14.933333333333334,60.608333333333334,24.46666666666667,9.0,5.3,-2.2,0.6255585344057346
2010-01-01,0.4287561482683434,0.3974701057416741,0.4628394249741614,0.38204762088526995,0.36256284344674383,14.9,60.3,24.8,8.5,4.8,0.4,0.0296033155713359
2010-02-01,0.4286164987951188,0.397075539141549,0.4619524258064778,0.3818207256738166,0.36228061621282076,15.0,59.9,25.108333333333334,8.5,4.8,-0.4,1.331754957087905
2010-03-01,0.4284768493218942,0.396680972541424,0.4610654266387942,0.38159383046236317,0.36199838897889763,15.100000000000001,59.5,25.416666666666668,8.5,4.8,0.5,1.0514018691588856
2010-04-01,0.42833719984866964,0.39628640594129894,0.4601784274711106,0.3813669352509098,0.36171616174497456,15.200000000000001,59.099999999999994,25.725,8.5,4.8,-0.2,0.2601156069364174
2010-05-01,0.42819755037544505,0.3958918393411739,0.45929142830342695,0.38114004003945645,0.3614339345110515,15.3,58.699999999999996,26.033333333333335,8.5,4.8,1.9,0.2882675122513722
2010-06-01,0.42805790090222046,0.39549727274104884,0.4584044291357433,0.38091314482800304,0.36115170727712836,15.4,58.3,26.34166666666667,8.25,4.8,-0.7,-0.4599022707674538
2010-07-01,0.42791825142899587,0.3951027061409238,0.4575174299680597,0.3806862496165497,0.3608694800432053,15.5,57.9,26.65,8.25,4.8,-1.3,-0.7796708056598267
2010-08-01,0.4277786019557712,0.3947081395407987,0.45663043080037613,0.3804593544050963,0.3605872528092822,15.600000000000001,57.5,26.958333333333336,7.75,4.8,0.0,0.3783469150174579
2010-09-01,0.42763895248254663,0.39431357294067365,0.4557434316326925,0.3802324591936429,0.3603050255753591,15.700000000000001,57.1,27.266666666666666,7.75,4.8,0.4,0.0
2010-10-01,0.42749930300932204,0.3939190063405486,0.45485643246500884,0.38000556398218954,0.360022798341436,15.8,56.7,27.575,6.75,4.8,0.9,0.8118295158016764
2010-11-01,0.42735965353609745,0.39352443974042356,0.45396943329732525,0.3797786687707362,0.35974057110751295,15.900000000000002,56.3,27.883333333333333,6.3,4.8,-0.1,0.0862812769629073
2010-12-01,0.42722000406287286,0.3931298731402985,0.45308243412964166,0.37955177355928277,0.3594583438735898,16.0,55.9,28.191666666666666,5.75,4.7,-1.2,0.4310344827586299
2011-01-01,0.42708035458964827,0.39273530654017347,0.452195434961958,0.3793248783478294,0.35917611663966675,16.1,55.5,28.5,5.55,4.7,0.8,-0.9728183118741018
2011-02-01,0.42727524937602696,0.3926597170497443,0.4515889097124989,0.37889446628132695,0.3584406172728306,16.05,55.53333333333333,28.5,5.5,4.7,1.0,1.1557353366079104
2011-03-01,0.4274701441624056,0.3925841275593151,0.45098238446303973,0.3784640542148245,0.3577051179059944,16.0,55.56666666666666,28.5,5.25,4.7,0.4,1.0854041702370587
2011-04-01,0.42766503894878427,0.3925085380688859,0.45037585921358053,0.378033642148322,0.35696961853915826,15.950000000000001,55.6,28.5,5.25,4.7,0.7,0.6499011020062229
2011-05-01,0.4278599337351629,0.39243294857845673,0.4497693339641214,0.37760323008181956,0.35623411917232206,15.9,55.63333333333333,28.5,5.25,4.7,2.7,0.7299270072992803
2011-06-01,0.4280548285215416,0.39235735908802755,0.44916280871466224,0.3771728180153171,0.3554986198054859,15.850000000000001,55.666666666666664,28.5,5.25,4.3,0.5,0.5295429208472591
2011-07-01,0.4282497233079202,0.39228176959759836,0.44855628346520304,0.37674240594881464,0.35476312043864977,15.8,55.7,28.5,5.25,4.3,-0.1,-0.2217909620182978
2011-08-01,0.4284446180942989,0.3922061801071692,0.4479497582157439,0.3763119938823122,0.35402762107181357,15.75,55.733333333333334,28.5,5.25,4.3,0.3,0.3612114476243322
2011-09-01,0.4286395128806776,0.39213059061674,0.44734323296628475,0.3758815818158097,0.3532921217049774,15.700000000000001,55.766666666666666,28.5,5.25,4.3,1.3,0.7475083056478482
2011-10-01,0.4288344076670562,0.3920550011263108,0.4467367077168256,0.37545116974930726,0.3525566223381412,15.65,55.8,28.5,5.25,4.3,1.0,0.3022808463863713
2011-11-01,0.4290293024534349,0.3919794116358816,0.44613018246736647,0.3750207576828048,0.3518211229713051,15.6,55.83333333333333,28.5,5.4,3.9,0.0,-0.1643835616438438
2011-12-01,0.42922419723981353,0.39190382214545244,0.44552365721790727,0.37459034561630233,0.3510856236044689,15.55,55.86666666666667,28.5,5.25,3.9,0.9,0.3567508232711347
2012-01-01,0.4294190920261922,0.39182823265502326,0.4449171319684481,0.3741599335497999,0.35035012423763273,15.5,55.9,28.5,5.4,3.9,0.2,0.0546896363139204
2012-02-01,0.4291762894189641,0.39213255059295726,0.43821964509641387,0.37419885383913193,0.34990975690075865,15.533333333333333,55.975,28.40833333333333,5.4,3.9,-0.2,1.4211533205794158
2012-03-01,0.4289334868117359,0.39243686853089127,0.43152215822437956,0.374237774128464,0.34946938956388457,15.566666666666666,56.05,28.316666666666666,5.4,3.75,1.2,1.2934518997574695
2012-04-01,0.42869068420450773,0.3927411864688253,0.4248246713523453,0.37427669441779604,0.3490290222270105,15.6,56.125,28.225,5.4,3.75,-0.3,0.7448789571694592
2012-05-01,0.4284478815972796,0.3930455044067593,0.41812718448031105,0.3743156147071281,0.3485886548901364,15.633333333333333,56.199999999999996,28.133333333333333,5.65,3.75,0.3,-0.0792183786638478
2012-06-01,0.4282050789900514,0.3933498223446933,0.4114296976082768,0.37435453499646015,0.3481482875532623,15.666666666666666,56.275,28.041666666666664,5.65,3.75,1.5,0.6078224101479845
2012-07-01,0.42796227638282325,0.3936541402826273,0.40473221073624255,0.3743934552857922,0.3477079202163882,15.7,56.349999999999994,27.95,6.15,3.75,0.9,-0.9981612818492304
2012-08-01,0.4277194737755951,0.3939584582205613,0.39803472386420824,0.37443237557512427,0.3472675528795141,15.733333333333334,56.425,27.858333333333334,6.4,3.75,-0.2,-0.0795967100026384
2012-09-01,0.4274766711683669,0.3942627761584953,0.391337236992174,0.3744712958644563,0.34682718554264,15.766666666666667,56.5,27.766666666666666,6.4,3.75,0.7,0.982474774296338
2012-10-01,0.42723386856113876,0.3945670940964293,0.38463975012013973,0.3745102161537884,0.34638681820576595,15.8,56.574999999999996,27.674999999999997,6.4,3.75,0.9,0.4733105443071261
2012-11-01,0.4269910659539106,0.3948714120343633,0.3779422632481054,0.37454913644312043,0.34594645086889186,15.833333333333334,56.65,27.583333333333332,6.4,3.75,0.4,0.3663962313530389
2012-12-01,0.4267482633466824,0.39517572997229733,0.3712447763760712,0.3745880567324525,0.3455060835320178,15.866666666666667,56.724999999999994,27.491666666666667,6.4,3.75,0.4,-0.0521512385919131
2013-01-01,0.4265054607394543,0.39548004791023134,0.3645472895040369,0.37462697702178455,0.3450657161951437,15.9,56.8,27.4,6.75,3.75,-0.3,0.208713801200111
2013-02-01,0.42620282868643933,0.3954744523201717,0.36466317710883683,0.37393955329603196,0.3448869156949515,16.05,56.83333333333333,27.216666666666665,6.75,3.75,0.2,2.0307211663629143
2013-03-01,0.4259001966334244,0.3954688567301121,0.3647790647136368,0.37325212957027937,0.3447081151947593,16.2,56.86666666666667,27.03333333333333,6.75,3.5,0.0,0.1531002806838488
2013-04-01,0.4255975645804094,0.3954632611400525,0.3648949523184367,0.37256470584452683,0.34452931469456716,16.35,56.9,26.849999999999998,6.75,3.5,0.7,-0.1273885350318471
2013-05-01,0.4252949325273944,0.39545766554999284,0.36501083992323663,0.37187728211877424,0.34435051419437496,16.5,56.93333333333333,26.666666666666664,6.75,3.5,1.3,-0.1785714285714279
2013-06-01,0.42499230047437947,0.39545206995993326,0.3651267275280366,0.37118985839302165,0.34417171369418276,16.65,56.96666666666667,26.48333333333333,6.75,3.5,1.8,0.587784308714534
2013-07-01,0.4246896684213645,0.3954464743698736,0.3652426151328365,0.37050243466726906,0.3439929131939906,16.8,57.0,26.299999999999997,6.75,3.5,0.7,-0.6097560975609873
2013-08-01,0.42438703636834957,0.395440878779814,0.3653585027376364,0.3698150109415165,0.3438141126937984,16.95,57.03333333333333,26.116666666666667,6.75,3.5,-0.1,0.3578732106339632
2013-09-01,0.4240844043153346,0.3954352831897544,0.3654743903424364,0.3691275872157639,0.3436353121936062,17.1,57.06666666666667,25.933333333333334,6.75,3.5,0.9,0.4075394803871646
2013-10-01,0.4237817722623196,0.39542968759969477,0.3655902779472363,0.3684401634900113,0.343456511693414,17.25,57.1,25.75,6.75,3.5,1.6,-0.1268391679350555
2013-11-01,0.42347914020930466,0.39542409200963513,0.3657061655520362,0.36775273976425876,0.3432777111932218,17.4,57.13333333333333,25.566666666666666,6.75,3.5,0.3,0.2032004064008052
2013-12-01,0.4231765081562897,0.39541849641957555,0.3658220531568362,0.3670653160385062,0.34309891069302967,17.55,57.16666666666667,25.383333333333333,6.75,3.5,-0.5,0.3295310519645156
2014-01-01,0.42287387610327476,0.3954129008295159,0.3659379407616361,0.3663778923127536,0.34292011019283747,17.7,57.2,25.2,6.75,3.5,0.3,-1.0864072764022237
2014-02-01,0.42329023403078847,0.3950372411094836,0.3667860861419036,0.36609453282630217,0.3428918214402085,17.566666666666666,57.15833333333334,25.366666666666667,6.75,3.5,1.4,0.8684546615580935
2014-03-01,0.4237065919583021,0.3946615813894513,0.3676342315221711,0.3658111733398507,0.34286353268757963,17.433333333333334,57.11666666666667,25.53333333333333,6.75,3.5,2.2,0.2279057989364563
2014-04-01,0.4241229498858158,0.394285921669419,0.36848237690243857,0.3655278138533993,0.3428352439349507,17.3,57.075,25.7,6.75,3.5,0.7,0.050530570995444
2014-05-01,0.4245393078133295,0.39391026194938666,0.3693305222827061,0.36524445436694786,0.34280695518232174,17.166666666666668,57.03333333333334,25.866666666666667,6.75,3.5,-0.1,-0.0757575757575734
2014-06-01,0.4249556657408432,0.3935346022293543,0.3701786676629736,0.3649610948804964,0.34277866642969285,17.033333333333335,56.99166666666667,26.03333333333333,6.75,3.5,-0.8,0.4801617386909429
2014-07-01,0.42537202366835686,0.39315894250932204,0.3710268130432411,0.36467773539404497,0.3427503776770639,16.9,56.95,26.2,6.75,3.5,0.3,-0.2263581488933685
2014-08-01,0.4257883815958705,0.39278328278928976,0.3718749584235086,0.36439437590759355,0.34272208892443495,16.766666666666666,56.90833333333334,26.366666666666667,6.75,3.5,2.6,0.1764557600201666
2014-09-01,0.4262047395233842,0.3924076230692574,0.3727231038037761,0.3641110164211421,0.34269380017180606,16.633333333333333,56.86666666666667,26.53333333333333,6.75,3.5,0.1,-0.4277805737292417
2014-10-01,0.42662109745089793,0.3920319633492251,0.3735712491840436,0.36382765693469066,0.3426655114191771,16.5,56.825,26.7,6.75,3.5,0.0,0.0252716704574273
2014-11-01,0.4270374553784116,0.3916563036291928,0.37441939456431106,0.36354429744823924,0.34263722266654817,16.366666666666667,56.78333333333334,26.866666666666667,6.75,3.5,0.6,-0.606366851945439
2014-12-01,0.42745381330592525,0.3912806439091605,0.37526753994457857,0.36326093796178777,0.3426089339139193,16.233333333333334,56.74166666666667,27.03333333333333,6.5,3.5,2.0,0.2287747839349263
2015-01-01,0.42787017123343896,0.39090498418912817,0.37611568532484607,0.36297757847533635,0.34258064516129033,16.1,56.7,27.2,6.5,3.5,1.0,-1.2934313974131473
2015-02-01,0.42793755298445496,0.3904448783498955,0.3759101716279549,0.36285053435753256,0.34346832317719767,16.125,56.708333333333336,27.175,6.0,3.65,1.8,0.5652620760534299
2015-03-01,0.428004934735471,0.3899847725106629,0.37570465793106383,0.3627234902397287,0.34435600119310494,16.150000000000002,56.71666666666667,27.15,6.0,3.65,0.3,1.0219724067450198
2015-04-01,0.428072316486487,0.3895246666714302,0.3754991442341727,0.36259644612192493,0.3452436792090123,16.175,56.725,27.125,6.0,3.65,-0.2,0.0505816894284416
2015-05-01,0.42813969823750303,0.38906456083219754,0.3752936305372816,0.36246940200412114,0.34613135722491956,16.2,56.733333333333334,27.099999999999998,6.0,3.65,1.1,0.3033367037411416
2015-06-01,0.4282070799885191,0.38860445499296487,0.37508811684039045,0.36234235788631736,0.3470190352408269,16.225,56.74166666666667,27.075,6.0,3.65,0.0,0.3528225806451512
2015-07-01,0.4282744617395351,0.3881443491537322,0.3748826031434993,0.36221531376851357,0.34790671325673417,16.25,56.75,27.049999999999997,6.0,3.65,0.9,0.0251130085384243
2015-08-01,0.4283418434905511,0.3876842433144996,0.3746770894466082,0.3620882696507097,0.3487943912726415,16.275,56.75833333333333,27.025,6.1,3.65,0.2,0.5021340697966448
2015-09-01,0.42840922524156716,0.3872241374752669,0.37447157574971707,0.36196122553290594,0.34968206928854884,16.3,56.766666666666666,27.0,6.1,3.65,1.2,-0.6245316012990276
2015-10-01,0.42847660699258316,0.38676403163603423,0.374266062052826,0.36183418141510215,0.3505697473044561,16.325,56.775,26.974999999999998,6.6,3.65,0.6,-0.2011060834590239
2015-11-01,0.42854398874359917,0.3863039257968016,0.37406054835593483,0.3617071372972983,0.35145742532036345,16.349999999999998,56.78333333333333,26.95,7.0,3.65,0.3,-0.5793450881612094
2015-12-01,0.42861137049461523,0.38584381995756895,0.37385503465904374,0.3615800931794945,0.3523451033362707,16.375,56.791666666666664,26.924999999999997,7.05,3.65,1.4,0.2786926779832832
2016-01-01,0.42867875224563123,0.3853837141183363,0.3736495209621526,0.36145304906169073,0.35323278135217806,16.4,56.8,26.9,7.05,3.65,0.6,-1.0611419909044906
2016-02-01,0.42890395123838754,0.3860073442517441,0.3737606929677688,0.3611604348540652,0.356361709936045,16.383333333333333,56.50833333333333,27.191666666666666,7.05,3.65,0.4,0.6894790602655743
2016-03-01,0.42912915023114384,0.386630974385152,0.373871864973385,0.36086782064643963,0.3594906385199119,16.366666666666667,56.21666666666666,27.48333333333333,7.05,3.65,0.7,0.4565051990869984
2016-04-01,0.42935434922390014,0.38725460451855986,0.37398303697900115,0.36057520643881413,0.36261956710377885,16.349999999999998,55.925,27.775,7.05,3.65,0.7,0.1009845998485081
2016-05-01,0.4295795482166565,0.3878782346519677,0.37409420898461737,0.3602825922311886,0.3657484956876458,16.333333333333332,55.63333333333333,28.066666666666666,7.05,3.65,1.2,0.3278688524590123
2016-06-01,0.4298047472094128,0.3885018647853755,0.3742053809902336,0.35998997802356303,0.3688774242715127,16.316666666666666,55.34166666666666,28.35833333333333,7.05,3.65,2.2,0.1005530417295119
2016-07-01,0.4300299462021691,0.3891254949187834,0.37431655299584976,0.35969736381593753,0.37200635285537964,16.299999999999997,55.05,28.65,7.05,3.65,2.2,-0.5524861878453025
2016-08-01,0.4302551451949254,0.3897491250521913,0.3744277250014659,0.359404749608312,0.37513528143924657,16.28333333333333,54.75833333333333,28.941666666666666,7.05,3.65,0.9,0.1262626262626298
2016-09-01,0.4304803441876817,0.3903727551855991,0.37453889700708215,0.3591121354006864,0.3782642100231135,16.266666666666666,54.46666666666666,29.23333333333333,7.05,3.65,0.3,-0.1008827238335396
2016-10-01,0.4307055431804381,0.39099638531900693,0.3746500690126984,0.3588195211930609,0.38139313860698043,16.25,54.175,29.525,6.55,3.65,2.0,-0.2777076495834474
2016-11-01,0.4309307421731944,0.3916200154524148,0.37476124101831454,0.3585269069854353,0.38452206719084736,16.233333333333334,53.88333333333333,29.816666666666666,6.55,3.65,1.4,-0.4050632911392515
2016-12-01,0.4311559411659507,0.3922436455858227,0.3748724130239307,0.3582342927778098,0.3876509957747143,16.216666666666665,53.59166666666666,30.10833333333333,6.55,3.65,1.5,-0.1779359430604921
2017-01-01,0.431381140158707,0.3928672757192305,0.37498358502954693,0.3579416785701843,0.3907799243585812,16.2,53.3,30.4,6.55,3.65,1.8,-1.1968423733129565
2017-02-01,0.43101967690022785,0.3924816860898618,0.3749590919723337,0.35744363737921275,0.38993464772657743,16.275,53.125,30.466666666666665,6.5,3.65,2.5,0.5927835051546371
2017-03-01,0.4306582136417488,0.39209609646049304,0.3749345989151205,0.3569455961882412,0.38908937109457364,16.35,52.949999999999996,30.53333333333333,6.35,3.65,2.7,-0.2818344862925981
2017-04-01,0.43029675038326964,0.3917105068311243,0.37491010585790724,0.35644755499726966,0.38824409446256986,16.425,52.775,30.599999999999998,6.35,3.65,2.2,0.0
2017-05-01,0.42993528712479057,0.39132491720175555,0.374885612800694,0.3559495138062981,0.38739881783056607,16.5,52.6,30.666666666666664,6.35,3.65,1.8,-0.4110996916752207
2017-06-01,0.42957382386631143,0.3909393275723868,0.37486111974348074,0.35545147261532656,0.3865535411985623,16.575,52.425,30.73333333333333,6.35,3.65,0.2,-0.4127966976264274
2017-07-01,0.4292123606078323,0.39055373794301806,0.3748366266862675,0.354953431424355,0.3857082645665585,16.65,52.25,30.799999999999997,6.1,3.65,0.3,-0.5699481865284906
2017-08-01,0.4288508973493532,0.3901681483136494,0.3748121336290543,0.35445539023338346,0.38486298793455476,16.725,52.075,30.866666666666667,5.85,3.65,1.0,0.1823866597185919
2017-09-01,0.4284894340908741,0.38978255868428063,0.37478764057184105,0.35395734904241194,0.38401771130255097,16.8,51.9,30.933333333333334,5.85,3.65,0.8,-0.2080624187256186
2017-10-01,0.428127970832395,0.3893969690549119,0.3747631475146278,0.35345930785144036,0.3831724346705472,16.875,51.725,31.0,5.85,3.65,0.2,0.6254886630179923
2017-11-01,0.4277665075739159,0.38901137942554315,0.3747386544574146,0.35296126666046884,0.3823271580385434,16.950000000000003,51.550000000000004,31.066666666666666,5.6,3.65,-0.7,-0.4921004921005001
2017-12-01,0.4274050443154368,0.3886257897961744,0.37471416140020136,0.35246322546949727,0.3814818814065396,17.025000000000002,51.375,31.133333333333333,5.6,3.65,0.2,0.6246746486205268
2018-01-01,0.42704358105695767,0.38824020016680566,0.3746896683429881,0.35196518427852574,0.3806366047745358,17.1,51.2,31.2,5.6,3.65,1.0,-0.5690636316606379
2018-02-01,0.42742195052380966,0.38804596667307645,0.3755891769819518,0.3518443454183968,0.3792536232940442,17.291666666666668,51.55833333333334,30.65,5.6,3.65,0.5,0.5983350676378896
2018-03-01,0.4278003199906617,0.3878517331793473,0.37648868562091553,0.35172350655826784,0.37787064181355257,17.483333333333334,51.91666666666667,30.1,5.6,3.65,-0.1,0.3620377553659182
2018-04-01,0.4281786894575137,0.38765749968561813,0.3773881942598793,0.3516026676981389,0.37648766033306097,17.675,52.275000000000006,29.55,5.6,3.65,0.7,0.0772996650347801
2018-05-01,0.4285570589243657,0.3874632661918889,0.378287702898843,0.35148182883801,0.3751046788525694,17.866666666666667,52.63333333333333,29.0,5.6,3.65,0.4,-0.0257466529351102
2018-06-01,0.42893542839121773,0.3872690326981597,0.3791872115378067,0.351360989977881,0.3737216973720778,18.058333333333334,52.99166666666667,28.45,5.75,3.65,0.8,0.4635591037857267
2018-07-01,0.4293137978580697,0.38707479920443055,0.3800867201767705,0.3512401511177521,0.3723387158915862,18.25,53.35,27.9,5.75,3.65,0.3,-0.2563445270443498
2018-08-01,0.4296921673249217,0.3868805657107014,0.3809862288157342,0.35111931225762316,0.37095573441109453,18.441666666666666,53.708333333333336,27.35,5.75,3.65,-0.1,0.1028013364173574
2018-09-01,0.43007053679177376,0.3866863322169722,0.3818857374546979,0.3509984733974942,0.36957275293060293,18.633333333333333,54.06666666666667,26.8,5.75,3.65,0.6,0.2567394094993513
2018-10-01,0.43044890625862575,0.38649209872324297,0.3827852460936616,0.35087763453736526,0.36818977145011134,18.825,54.425,26.25,5.75,3.65,0.4,0.5889884763124131
2018-11-01,0.43082727572547774,0.3862978652295138,0.3836847547326253,0.35075679567723633,0.3668067899696197,19.016666666666666,54.78333333333333,25.700000000000003,5.75,3.65,1.0,0.1782077393075232
2018-12-01,0.4312056451923298,0.38610363173578466,0.3845842633715891,0.35063595681710735,0.3654238084891281,19.208333333333332,55.141666666666666,25.150000000000002,6.0,3.65,0.1,0.940279542566702
2019-01-01,0.4315840146591818,0.38590939824205545,0.3854837720105528,0.35051511795697843,0.3640408270086365,19.4,55.5,24.6,6.0,3.55,0.4,-0.7301107754279945
2019-02-01,0.4312572537987351,0.385896808237335,0.38541519406647634,0.3506005099462108,0.36358481701060186,19.458333333333332,55.44166666666666,24.533333333333335,6.0,3.55,-1.0,0.1521683996956513
2019-03-01,0.4309304929382884,0.38588421823261465,0.3853466161223999,0.35068590193544313,0.36312880701256717,19.516666666666666,55.38333333333333,24.46666666666667,6.0,3.55,0.6,0.6583945302608418
2019-04-01,0.4306037320778417,0.3858716282278942,0.38527803817832346,0.35077129392467554,0.36267279701453253,19.575,55.325,24.400000000000002,6.0,3.55,0.3,0.4779874213836521
2019-05-01,0.430276971217395,0.3858590382231738,0.385209460234247,0.3508566859139079,0.3622167870164979,19.633333333333333,55.266666666666666,24.333333333333336,6.0,3.55,0.3,0.2003004506760275
2019-06-01,0.4299502103569483,0.38584644821845343,0.38514088229017057,0.35094207790314025,0.3617607770184632,19.691666666666666,55.20833333333333,24.26666666666667,6.0,3.55,0.2,0.3748125937031554
2019-07-01,0.42962344949650155,0.385833858213733,0.3850723043460942,0.35102746989237266,0.3613047670204286,19.75,55.15,24.200000000000003,5.6,3.25,0.1,-0.4232013940751788
2019-08-01,0.42929668863605486,0.3858212682090126,0.38500372640201774,0.351112861881605,0.36084875702239394,19.808333333333334,55.09166666666667,24.133333333333333,5.4,3.19,0.6,0.4000000000000003
2019-09-01,0.42896992777560816,0.3858086782042922,0.3849351484579413,0.35119825387083736,0.36039274702435925,19.866666666666667,55.03333333333333,24.066666666666666,5.4,3.19,0.6,0.0996015936254979
2019-10-01,0.42864316691516147,0.3857960881995718,0.38486657051386486,0.3512836458600697,0.3599367370263246,19.925,54.974999999999994,24.0,5.3,3.09,0.5,0.2238805970149249
2019-11-01,0.42831640605471477,0.38578349819485136,0.3847979925697884,0.35136903784930207,0.35948072702829,19.983333333333334,54.916666666666664,23.933333333333334,5.2,2.9,-0.3,0.0
2019-12-01,0.4279896451942681,0.385770908190131,0.384729414625712,0.3514544298385345,0.3590247170302553,20.041666666666668,54.858333333333334,23.866666666666667,5.2,2.9,0.1,0.273020600645335
2020-01-01,0.4276628843338214,0.38575831818541056,0.38466083668163553,0.35153982182776683,0.35856870703222066,20.1,54.8,23.8,5.05,2.9,0.5,-0.8663366336633671
2020-02-01,0.4280704703347733,0.38624553545235213,0.38507152554442414,0.35281938670296215,0.3579132310026934,20.125,54.94166666666666,23.625,5.05,2.9,0.5,0.9488139825218456
2020-03-01,0.4284780563357253,0.38673275271929364,0.3854822144072127,0.3540989515781575,0.35725775497316614,20.150000000000002,55.08333333333333,23.45,4.95,2.9,0.1,0.0989364333415787
2020-04-01,0.4288856423366772,0.3872199699862352,0.3858929032700013,0.35537851645335283,0.35660227894363883,20.175,55.224999999999994,23.275,4.9,2.9,0.0,0.5683222139856614
2020-05-01,0.4292932283376292,0.38770718725317677,0.3863035921327899,0.35665808132854815,0.35594680291411157,20.2,55.36666666666667,23.1,4.04,2.4,0.8,0.8845208845208896
2020-06-01,0.4297008143385811,0.38819440452011833,0.3867142809955785,0.3579376462037435,0.3552913268845843,20.225,55.50833333333333,22.925,4.0,2.3,0.2,0.5114466634193793
2020-07-01,0.430108400339533,0.3886816217870599,0.3871249698583671,0.35921721107893884,0.354635850855057,20.25,55.65,22.75,3.5,2.0,1.2,0.1696147322510333
2020-08-01,0.430515986340485,0.3891688390540014,0.3875356587211557,0.36049677595413415,0.35398037482552974,20.275,55.791666666666664,22.575,3.5,2.0,0.8,0.4596032897919766
2020-09-01,0.4309235723414369,0.38965605632094297,0.38794634758394425,0.3617763408293295,0.3533248987960025,20.3,55.93333333333333,22.4,3.5,2.0,1.0,0.5297375391283277
2020-10-01,0.4313311583423889,0.39014327358788453,0.38835703644673286,0.36305590570452484,0.3526694227664752,20.325,56.075,22.225,3.5,1.95,0.9,0.4311377245509007
2020-11-01,0.4317387443433408,0.39063049085482604,0.3887677253095215,0.36433547057972016,0.35201394673694797,20.349999999999998,56.21666666666667,22.05,3.5,1.95,0.8,0.0953970903887269
2020-12-01,0.4321463303442928,0.3911177081217676,0.38917841417231,0.3656150354549155,0.35135847070742066,20.375,56.358333333333334,21.875,3.5,2.0,0.6,0.1429592566118742
2021-01-01,0.4325539163452447,0.39160492538870917,0.38958910303509864,0.36689460033011084,0.3507029946778934,20.4,56.5,21.7,3.3,1.9,0.1,-0.237925291458485
2021-02-01,0.4321544854197308,0.3911544559622666,0.3889973843873965,0.36699292154094004,0.3499060313621885,20.4,56.5,21.7,3.3,1.9,0.6,0.7631767231099484
2021-03-01,0.4317550544942169,0.39070398653582405,0.3884056657396943,0.36709124275176924,0.3491090680464837,20.4,56.5,21.7,3.3,1.9,3.3,0.4260355029585883
2021-04-01,0.431355623568703,0.3902535171093815,0.3878139470919922,0.3671895639625984,0.3483121047307788,20.4,56.5,21.7,3.3,1.9,2.7,0.3770916804147983
2021-05-01,0.4309561926431891,0.38980304768293894,0.38722222844429005,0.3672878851734276,0.3475151414150739,20.4,56.5,21.7,3.3,1.9,1.6,0.2347969006809114
2021-06-01,0.4305567617176752,0.3893525782564964,0.38663050979658786,0.3673862063842568,0.346718178099369,20.4,56.5,21.7,3.3,1.9,1.4,0.1405481377371842
2021-07-01,0.4301573307921613,0.3889021088300538,0.38603879114888573,0.367484527595086,0.3459212147836641,20.4,56.5,21.7,3.45,1.9,0.7,-0.046783625730995
2021-08-01,0.42975789986664736,0.3884516394036113,0.3854470725011836,0.3675828488059152,0.3451242514679593,20.4,56.5,21.7,3.45,1.9,1.6,0.3978469459396283
2021-09-01,0.4293584689411335,0.38800116997716877,0.3848553538534814,0.3676811700167444,0.3443272881522544,20.4,56.5,21.7,3.45,1.9,1.2,0.1864801864801979
2021-10-01,0.4289590380156196,0.3875507005507262,0.3842636352057793,0.3677794912275736,0.3435303248365495,20.4,56.5,21.7,3.65,1.9,1.4,0.46533271288971
2021-11-01,0.42855960709010565,0.38710023112428366,0.38367191655807714,0.36787781243840273,0.34273336152084466,20.4,56.5,21.7,3.65,1.9,0.7,0.1621120889300664
2021-12-01,0.4281601761645918,0.3866497616978411,0.38308019791037495,0.36797613364923193,0.34193639820513977,20.4,56.5,21.7,3.8,1.9,1.8,0.3699421965317917
2022-01-01,0.42776074523907787,0.38619929227139854,0.3824884792626728,0.36807445486006113,0.3411394348894349,20.4,56.5,21.7,3.95,1.5,1.7,0.16125316747293
2022-02-01,0.42776074523907787,0.38619929227139854,0.3824884792626728,0.36807445486006113,0.3411394348894349,20.4,56.5,21.7,4.15,1.5,2.5,1.2649494020239294
2022-03-01,0.42776074523907787,0.38619929227139854,0.3824884792626728,0.36807445486006113,0.3411394348894349,20.4,56.5,21.7,4.15,1.5,3.1,0.8176243470360944
2022-04-01,0.42776074523907787,0.38619929227139854,0.3824884792626728,0.36807445486006113,0.3411394348894349,20.4,56.5,21.7,4.15,1.49,2.7,0.9912142374408628
2022-05-01,0.42776074523907787,0.38619929227139854,0.3824884792626728,0.36807445486006113,0.3411394348894349,20.4,56.5,21.7,4.65,1.49,2.7,0.4238233325897678
